ID,Category,Type,Flow,Shift
0,illness,2,1,"['Mon Morning', 'Mon Afternoon', 'Mon Night', 'Tue Morning', 'Tue Afternoon', 'Tue Night', 'Wed Morning', 'Wed Afternoon', 'Wed Night', 'Thu Morning', 'Thu Afternoon', 'Thu Night', 'Fri Morning', 'Fri Afternoon', 'Fri Night', 'Sat Morning', 'Sat Afternoon', 'Sat Night', 'Sun Morning', 'Sun Afternoon', 'Sun Night']"
1,illness,2,1,"['Mon Morning', 'Mon Afternoon', 'Mon Night', 'Tue Morning', 'Tue Afternoon', 'Tue Night', 'Wed Morning', 'Wed Afternoon', 'Wed Night', 'Thu Morning', 'Thu Afternoon', 'Thu Night', 'Fri Morning', 'Fri Afternoon', 'Fri Night', 'Sat Morning', 'Sat Afternoon', 'Sat Night', 'Sun Morning', 'Sun Afternoon', 'Sun Night']"
2,illness,8,1,"['Mon Morning', 'Mon Afternoon', 'Mon Night', 'Tue Morning', 'Tue Afternoon', 'Tue Night', 'Wed Morning', 'Wed Afternoon', 'Wed Night', 'Thu Morning', 'Thu Afternoon', 'Thu Night', 'Fri Morning', 'Fri Afternoon', 'Fri Night', 'Sat Morning', 'Sat Afternoon', 'Sat Night', 'Sun Morning', 'Sun Afternoon', 'Sun Night']"
3,illness,2,1,"['Mon Morning', 'Mon Afternoon', 'Mon Night', 'Tue Morning', 'Tue Afternoon', 'Tue Night', 'Wed Morning', 'Wed Afternoon', 'Wed Night', 'Thu Morning', 'Thu Afternoon', 'Thu Night', 'Fri Morning', 'Fri Afternoon', 'Fri Night', 'Sat Morning', 'Sat Afternoon', 'Sat Night', 'Sun Morning', 'Sun Afternoon', 'Sun Night']"
4,illness,4,1,"['Mon Morning', 'Mon Afternoon', 'Mon Night', 'Tue Morning', 'Tue Afternoon', 'Tue Night', 'Wed Morning', 'Wed Afternoon', 'Wed Night', 'Thu Morning', 'Thu Afternoon', 'Thu Night', 'Fri Morning', 'Fri Afternoon', 'Fri Night', 'Sat Morning', 'Sat Afternoon', 'Sat Night', 'Sun Morning', 'Sun Afternoon', 'Sun Night']"
5,illness,1,1,"['Mon Morning', 'Mon Afternoon', 'Mon Night', 'Tue Morning', 'Tue Afternoon', 'Tue Night', 'Wed Morning', 'Wed Afternoon', 'Wed Night', 'Thu Morning', 'Thu Afternoon', 'Thu Night', 'Fri Morning', 'Fri Afternoon', 'Fri Night', 'Sat Morning', 'Sat Afternoon', 'Sat Night', 'Sun Morning', 'Sun Afternoon', 'Sun Night']"
6,illness,3,1,"['Mon Morning', 'Mon Afternoon', 'Mon Night', 'Tue Morning', 'Tue Afternoon', 'Tue Night', 'Wed Morning', 'Wed Afternoon', 'Wed Night', 'Thu Morning', 'Thu Afternoon', 'Thu Night', 'Fri Morning', 'Fri Afternoon', 'Fri Night', 'Sat Morning', 'Sat Afternoon', 'Sat Night', 'Sun Morning', 'Sun Afternoon', 'Sun Night']"
7,illness,0,1,"['Mon Morning', 'Mon Afternoon', 'Mon Night', 'Tue Morning', 'Tue Afternoon', 'Tue Night', 'Wed Morning', 'Wed Afternoon', 'Wed Night', 'Thu Morning', 'Thu Afternoon', 'Thu Night', 'Fri Morning', 'Fri Afternoon', 'Fri Night', 'Sat Morning', 'Sat Afternoon', 'Sat Night', 'Sun Morning', 'Sun Afternoon', 'Sun Night']"
8,illness,2,1,"['Mon Morning', 'Mon Afternoon', 'Mon Night', 'Tue Morning', 'Tue Afternoon', 'Tue Night', 'Wed Morning', 'Wed Afternoon', 'Wed Night', 'Thu Morning', 'Thu Afternoon', 'Thu Night', 'Fri Morning', 'Fri Afternoon', 'Fri Night', 'Sat Morning', 'Sat Afternoon', 'Sat Night', 'Sun Morning', 'Sun Afternoon', 'Sun Night']"
9,illness,1,1,"['Mon Morning', 'Mon Afternoon', 'Mon Night', 'Tue Morning', 'Tue Afternoon', 'Tue Night', 'Wed Morning', 'Wed Afternoon', 'Wed Night', 'Thu Morning', 'Thu Afternoon', 'Thu Night', 'Fri Morning', 'Fri Afternoon', 'Fri Night', 'Sat Morning', 'Sat Afternoon', 'Sat Night', 'Sun Morning', 'Sun Afternoon', 'Sun Night']"
10,illness,4,1,"['Mon Morning', 'Mon Afternoon', 'Mon Night', 'Tue Morning', 'Tue Afternoon', 'Tue Night', 'Wed Morning', 'Wed Afternoon', 'Wed Night', 'Thu Morning', 'Thu Afternoon', 'Thu Night', 'Fri Morning', 'Fri Afternoon', 'Fri Night', 'Sat Morning', 'Sat Afternoon', 'Sat Night', 'Sun Morning', 'Sun Afternoon', 'Sun Night']"
11,illness,2,1,"['Mon Morning', 'Mon Afternoon', 'Mon Night', 'Tue Morning', 'Tue Afternoon', 'Tue Night', 'Wed Morning', 'Wed Afternoon', 'Wed Night', 'Thu Morning', 'Thu Afternoon', 'Thu Night', 'Fri Morning', 'Fri Afternoon', 'Fri Night', 'Sat Morning', 'Sat Afternoon', 'Sat Night', 'Sun Morning', 'Sun Afternoon', 'Sun Night']"
12,illness,1,1,"['Mon Morning', 'Mon Afternoon', 'Mon Night', 'Tue Morning', 'Tue Afternoon', 'Tue Night', 'Wed Morning', 'Wed Afternoon', 'Wed Night', 'Thu Morning', 'Thu Afternoon', 'Thu Night', 'Fri Morning', 'Fri Afternoon', 'Fri Night', 'Sat Morning', 'Sat Afternoon', 'Sat Night', 'Sun Morning', 'Sun Afternoon', 'Sun Night']"
13,illness,9,1,"['Mon Morning', 'Mon Afternoon', 'Mon Night', 'Tue Morning', 'Tue Afternoon', 'Tue Night', 'Wed Morning', 'Wed Afternoon', 'Wed Night', 'Thu Morning', 'Thu Afternoon', 'Thu Night', 'Fri Morning', 'Fri Afternoon', 'Fri Night', 'Sat Morning', 'Sat Afternoon', 'Sat Night', 'Sun Morning', 'Sun Afternoon', 'Sun Night']"
14,illness,4,1,"['Mon Morning', 'Mon Afternoon', 'Mon Night', 'Tue Morning', 'Tue Afternoon', 'Tue Night', 'Wed Morning', 'Wed Afternoon', 'Wed Night', 'Thu Morning', 'Thu Afternoon', 'Thu Night', 'Fri Morning', 'Fri Afternoon', 'Fri Night', 'Sat Morning', 'Sat Afternoon', 'Sat Night', 'Sun Morning', 'Sun Afternoon', 'Sun Night']"
15,illness,0,1,"['Mon Morning', 'Mon Afternoon', 'Mon Night', 'Tue Morning', 'Tue Afternoon', 'Tue Night', 'Wed Morning', 'Wed Afternoon', 'Wed Night', 'Thu Morning', 'Thu Afternoon', 'Thu Night', 'Fri Morning', 'Fri Afternoon', 'Fri Night', 'Sat Morning', 'Sat Afternoon', 'Sat Night', 'Sun Morning', 'Sun Afternoon', 'Sun Night']"
16,illness,7,1,"['Mon Morning', 'Mon Afternoon', 'Mon Night', 'Tue Morning', 'Tue Afternoon', 'Tue Night', 'Wed Morning', 'Wed Afternoon', 'Wed Night', 'Thu Morning', 'Thu Afternoon', 'Thu Night', 'Fri Morning', 'Fri Afternoon', 'Fri Night', 'Sat Morning', 'Sat Afternoon', 'Sat Night', 'Sun Morning', 'Sun Afternoon', 'Sun Night']"
17,illness,5,1,"['Mon Morning', 'Mon Afternoon', 'Mon Night', 'Tue Morning', 'Tue Afternoon', 'Tue Night', 'Wed Morning', 'Wed Afternoon', 'Wed Night', 'Thu Morning', 'Thu Afternoon', 'Thu Night', 'Fri Morning', 'Fri Afternoon', 'Fri Night', 'Sat Morning', 'Sat Afternoon', 'Sat Night', 'Sun Morning', 'Sun Afternoon', 'Sun Night']"
18,illness,9,1,"['Mon Morning', 'Mon Afternoon', 'Mon Night', 'Tue Morning', 'Tue Afternoon', 'Tue Night', 'Wed Morning', 'Wed Afternoon', 'Wed Night', 'Thu Morning', 'Thu Afternoon', 'Thu Night', 'Fri Morning', 'Fri Afternoon', 'Fri Night', 'Sat Morning', 'Sat Afternoon', 'Sat Night', 'Sun Morning', 'Sun Afternoon', 'Sun Night']"
19,illness,1,1,"['Mon Morning', 'Mon Afternoon', 'Mon Night', 'Tue Morning', 'Tue Afternoon', 'Tue Night', 'Wed Morning', 'Wed Afternoon', 'Wed Night', 'Thu Morning', 'Thu Afternoon', 'Thu Night', 'Fri Morning', 'Fri Afternoon', 'Fri Night', 'Sat Morning', 'Sat Afternoon', 'Sat Night', 'Sun Morning', 'Sun Afternoon', 'Sun Night']"
20,illness,6,1,"['Mon Morning', 'Mon Afternoon', 'Mon Night', 'Tue Morning', 'Tue Afternoon', 'Tue Night', 'Wed Morning', 'Wed Afternoon', 'Wed Night', 'Thu Morning', 'Thu Afternoon', 'Thu Night', 'Fri Morning', 'Fri Afternoon', 'Fri Night', 'Sat Morning', 'Sat Afternoon', 'Sat Night', 'Sun Morning', 'Sun Afternoon', 'Sun Night']"
21,illness,9,1,"['Mon Morning', 'Mon Afternoon', 'Mon Night', 'Tue Morning', 'Tue Afternoon', 'Tue Night', 'Wed Morning', 'Wed Afternoon', 'Wed Night', 'Thu Morning', 'Thu Afternoon', 'Thu Night', 'Fri Morning', 'Fri Afternoon', 'Fri Night', 'Sat Morning', 'Sat Afternoon', 'Sat Night', 'Sun Morning', 'Sun Afternoon', 'Sun Night']"
22,illness,2,1,"['Mon Morning', 'Mon Afternoon', 'Mon Night', 'Tue Morning', 'Tue Afternoon', 'Tue Night', 'Wed Morning', 'Wed Afternoon', 'Wed Night', 'Thu Morning', 'Thu Afternoon', 'Thu Night', 'Fri Morning', 'Fri Afternoon', 'Fri Night', 'Sat Morning', 'Sat Afternoon', 'Sat Night', 'Sun Morning', 'Sun Afternoon', 'Sun Night']"
23,illness,2,1,"['Mon Morning', 'Mon Afternoon', 'Mon Night', 'Tue Morning', 'Tue Afternoon', 'Tue Night', 'Wed Morning', 'Wed Afternoon', 'Wed Night', 'Thu Morning', 'Thu Afternoon', 'Thu Night', 'Fri Morning', 'Fri Afternoon', 'Fri Night', 'Sat Morning', 'Sat Afternoon', 'Sat Night', 'Sun Morning', 'Sun Afternoon', 'Sun Night']"
24,illness,9,1,"['Mon Morning', 'Mon Afternoon', 'Mon Night', 'Tue Morning', 'Tue Afternoon', 'Tue Night', 'Wed Morning', 'Wed Afternoon', 'Wed Night', 'Thu Morning', 'Thu Afternoon', 'Thu Night', 'Fri Morning', 'Fri Afternoon', 'Fri Night', 'Sat Morning', 'Sat Afternoon', 'Sat Night', 'Sun Morning', 'Sun Afternoon', 'Sun Night']"
25,illness,9,1,"['Mon Morning', 'Mon Afternoon', 'Mon Night', 'Tue Morning', 'Tue Afternoon', 'Tue Night', 'Wed Morning', 'Wed Afternoon', 'Wed Night', 'Thu Morning', 'Thu Afternoon', 'Thu Night', 'Fri Morning', 'Fri Afternoon', 'Fri Night', 'Sat Morning', 'Sat Afternoon', 'Sat Night', 'Sun Morning', 'Sun Afternoon', 'Sun Night']"
26,illness,7,1,"['Mon Morning', 'Mon Afternoon', 'Mon Night', 'Tue Morning', 'Tue Afternoon', 'Tue Night', 'Wed Morning', 'Wed Afternoon', 'Wed Night', 'Thu Morning', 'Thu Afternoon', 'Thu Night', 'Fri Morning', 'Fri Afternoon', 'Fri Night', 'Sat Morning', 'Sat Afternoon', 'Sat Night', 'Sun Morning', 'Sun Afternoon', 'Sun Night']"
27,illness,5,1,"['Mon Morning', 'Mon Afternoon', 'Mon Night', 'Tue Morning', 'Tue Afternoon', 'Tue Night', 'Wed Morning', 'Wed Afternoon', 'Wed Night', 'Thu Morning', 'Thu Afternoon', 'Thu Night', 'Fri Morning', 'Fri Afternoon', 'Fri Night', 'Sat Morning', 'Sat Afternoon', 'Sat Night', 'Sun Morning', 'Sun Afternoon', 'Sun Night']"
28,illness,1,1,"['Mon Morning', 'Mon Afternoon', 'Mon Night', 'Tue Morning', 'Tue Afternoon', 'Tue Night', 'Wed Morning', 'Wed Afternoon', 'Wed Night', 'Thu Morning', 'Thu Afternoon', 'Thu Night', 'Fri Morning', 'Fri Afternoon', 'Fri Night', 'Sat Morning', 'Sat Afternoon', 'Sat Night', 'Sun Morning', 'Sun Afternoon', 'Sun Night']"
29,illness,2,1,"['Mon Morning', 'Mon Afternoon', 'Mon Night', 'Tue Morning', 'Tue Afternoon', 'Tue Night', 'Wed Morning', 'Wed Afternoon', 'Wed Night', 'Thu Morning', 'Thu Afternoon', 'Thu Night', 'Fri Morning', 'Fri Afternoon', 'Fri Night', 'Sat Morning', 'Sat Afternoon', 'Sat Night', 'Sun Morning', 'Sun Afternoon', 'Sun Night']"
30,illness,3,1,"['Mon Morning', 'Mon Afternoon', 'Mon Night', 'Tue Morning', 'Tue Afternoon', 'Tue Night', 'Wed Morning', 'Wed Afternoon', 'Wed Night', 'Thu Morning', 'Thu Afternoon', 'Thu Night', 'Fri Morning', 'Fri Afternoon', 'Fri Night', 'Sat Morning', 'Sat Afternoon', 'Sat Night', 'Sun Morning', 'Sun Afternoon', 'Sun Night']"
31,illness,0,1,"['Mon Morning', 'Mon Afternoon', 'Mon Night', 'Tue Morning', 'Tue Afternoon', 'Tue Night', 'Wed Morning', 'Wed Afternoon', 'Wed Night', 'Thu Morning', 'Thu Afternoon', 'Thu Night', 'Fri Morning', 'Fri Afternoon', 'Fri Night', 'Sat Morning', 'Sat Afternoon', 'Sat Night', 'Sun Morning', 'Sun Afternoon', 'Sun Night']"
32,illness,2,1,"['Mon Morning', 'Mon Afternoon', 'Mon Night', 'Tue Morning', 'Tue Afternoon', 'Tue Night', 'Wed Morning', 'Wed Afternoon', 'Wed Night', 'Thu Morning', 'Thu Afternoon', 'Thu Night', 'Fri Morning', 'Fri Afternoon', 'Fri Night', 'Sat Morning', 'Sat Afternoon', 'Sat Night', 'Sun Morning', 'Sun Afternoon', 'Sun Night']"
33,illness,0,1,"['Mon Morning', 'Mon Afternoon', 'Mon Night', 'Tue Morning', 'Tue Afternoon', 'Tue Night', 'Wed Morning', 'Wed Afternoon', 'Wed Night', 'Thu Morning', 'Thu Afternoon', 'Thu Night', 'Fri Morning', 'Fri Afternoon', 'Fri Night', 'Sat Morning', 'Sat Afternoon', 'Sat Night', 'Sun Morning', 'Sun Afternoon', 'Sun Night']"
34,illness,3,1,"['Mon Morning', 'Mon Afternoon', 'Mon Night', 'Tue Morning', 'Tue Afternoon', 'Tue Night', 'Wed Morning', 'Wed Afternoon', 'Wed Night', 'Thu Morning', 'Thu Afternoon', 'Thu Night', 'Fri Morning', 'Fri Afternoon', 'Fri Night', 'Sat Morning', 'Sat Afternoon', 'Sat Night', 'Sun Morning', 'Sun Afternoon', 'Sun Night']"
35,illness,6,1,"['Mon Morning', 'Mon Afternoon', 'Mon Night', 'Tue Morning', 'Tue Afternoon', 'Tue Night', 'Wed Morning', 'Wed Afternoon', 'Wed Night', 'Thu Morning', 'Thu Afternoon', 'Thu Night', 'Fri Morning', 'Fri Afternoon', 'Fri Night', 'Sat Morning', 'Sat Afternoon', 'Sat Night', 'Sun Morning', 'Sun Afternoon', 'Sun Night']"
36,illness,5,1,"['Mon Morning', 'Mon Afternoon', 'Mon Night', 'Tue Morning', 'Tue Afternoon', 'Tue Night', 'Wed Morning', 'Wed Afternoon', 'Wed Night', 'Thu Morning', 'Thu Afternoon', 'Thu Night', 'Fri Morning', 'Fri Afternoon', 'Fri Night', 'Sat Morning', 'Sat Afternoon', 'Sat Night', 'Sun Morning', 'Sun Afternoon', 'Sun Night']"
37,illness,2,1,"['Mon Morning', 'Mon Afternoon', 'Mon Night', 'Tue Morning', 'Tue Afternoon', 'Tue Night', 'Wed Morning', 'Wed Afternoon', 'Wed Night', 'Thu Morning', 'Thu Afternoon', 'Thu Night', 'Fri Morning', 'Fri Afternoon', 'Fri Night', 'Sat Morning', 'Sat Afternoon', 'Sat Night', 'Sun Morning', 'Sun Afternoon', 'Sun Night']"
38,illness,6,1,"['Mon Morning', 'Mon Afternoon', 'Mon Night', 'Tue Morning', 'Tue Afternoon', 'Tue Night', 'Wed Morning', 'Wed Afternoon', 'Wed Night', 'Thu Morning', 'Thu Afternoon', 'Thu Night', 'Fri Morning', 'Fri Afternoon', 'Fri Night', 'Sat Morning', 'Sat Afternoon', 'Sat Night', 'Sun Morning', 'Sun Afternoon', 'Sun Night']"
39,illness,0,1,"['Mon Morning', 'Mon Afternoon', 'Mon Night', 'Tue Morning', 'Tue Afternoon', 'Tue Night', 'Wed Morning', 'Wed Afternoon', 'Wed Night', 'Thu Morning', 'Thu Afternoon', 'Thu Night', 'Fri Morning', 'Fri Afternoon', 'Fri Night', 'Sat Morning', 'Sat Afternoon', 'Sat Night', 'Sun Morning', 'Sun Afternoon', 'Sun Night']"
40,illness,8,1,"['Mon Morning', 'Mon Afternoon', 'Mon Night', 'Tue Morning', 'Tue Afternoon', 'Tue Night', 'Wed Morning', 'Wed Afternoon', 'Wed Night', 'Thu Morning', 'Thu Afternoon', 'Thu Night', 'Fri Morning', 'Fri Afternoon', 'Fri Night', 'Sat Morning', 'Sat Afternoon', 'Sat Night', 'Sun Morning', 'Sun Afternoon', 'Sun Night']"
41,illness,1,1,"['Mon Morning', 'Mon Afternoon', 'Mon Night', 'Tue Morning', 'Tue Afternoon', 'Tue Night', 'Wed Morning', 'Wed Afternoon', 'Wed Night', 'Thu Morning', 'Thu Afternoon', 'Thu Night', 'Fri Morning', 'Fri Afternoon', 'Fri Night', 'Sat Morning', 'Sat Afternoon', 'Sat Night', 'Sun Morning', 'Sun Afternoon', 'Sun Night']"
42,illness,8,1,"['Mon Morning', 'Mon Afternoon', 'Mon Night', 'Tue Morning', 'Tue Afternoon', 'Tue Night', 'Wed Morning', 'Wed Afternoon', 'Wed Night', 'Thu Morning', 'Thu Afternoon', 'Thu Night', 'Fri Morning', 'Fri Afternoon', 'Fri Night', 'Sat Morning', 'Sat Afternoon', 'Sat Night', 'Sun Morning', 'Sun Afternoon', 'Sun Night']"
43,illness,8,1,"['Mon Morning', 'Mon Afternoon', 'Mon Night', 'Tue Morning', 'Tue Afternoon', 'Tue Night', 'Wed Morning', 'Wed Afternoon', 'Wed Night', 'Thu Morning', 'Thu Afternoon', 'Thu Night', 'Fri Morning', 'Fri Afternoon', 'Fri Night', 'Sat Morning', 'Sat Afternoon', 'Sat Night', 'Sun Morning', 'Sun Afternoon', 'Sun Night']"
44,illness,2,1,"['Mon Morning', 'Mon Afternoon', 'Mon Night', 'Tue Morning', 'Tue Afternoon', 'Tue Night', 'Wed Morning', 'Wed Afternoon', 'Wed Night', 'Thu Morning', 'Thu Afternoon', 'Thu Night', 'Fri Morning', 'Fri Afternoon', 'Fri Night', 'Sat Morning', 'Sat Afternoon', 'Sat Night', 'Sun Morning', 'Sun Afternoon', 'Sun Night']"
45,illness,0,1,"['Mon Morning', 'Mon Afternoon', 'Mon Night', 'Tue Morning', 'Tue Afternoon', 'Tue Night', 'Wed Morning', 'Wed Afternoon', 'Wed Night', 'Thu Morning', 'Thu Afternoon', 'Thu Night', 'Fri Morning', 'Fri Afternoon', 'Fri Night', 'Sat Morning', 'Sat Afternoon', 'Sat Night', 'Sun Morning', 'Sun Afternoon', 'Sun Night']"
46,illness,7,1,"['Mon Morning', 'Mon Afternoon', 'Mon Night', 'Tue Morning', 'Tue Afternoon', 'Tue Night', 'Wed Morning', 'Wed Afternoon', 'Wed Night', 'Thu Morning', 'Thu Afternoon', 'Thu Night', 'Fri Morning', 'Fri Afternoon', 'Fri Night', 'Sat Morning', 'Sat Afternoon', 'Sat Night', 'Sun Morning', 'Sun Afternoon', 'Sun Night']"
47,illness,0,1,"['Mon Morning', 'Mon Afternoon', 'Mon Night', 'Tue Morning', 'Tue Afternoon', 'Tue Night', 'Wed Morning', 'Wed Afternoon', 'Wed Night', 'Thu Morning', 'Thu Afternoon', 'Thu Night', 'Fri Morning', 'Fri Afternoon', 'Fri Night', 'Sat Morning', 'Sat Afternoon', 'Sat Night', 'Sun Morning', 'Sun Afternoon', 'Sun Night']"
48,illness,2,1,"['Mon Morning', 'Mon Afternoon', 'Mon Night', 'Tue Morning', 'Tue Afternoon', 'Tue Night', 'Wed Morning', 'Wed Afternoon', 'Wed Night', 'Thu Morning', 'Thu Afternoon', 'Thu Night', 'Fri Morning', 'Fri Afternoon', 'Fri Night', 'Sat Morning', 'Sat Afternoon', 'Sat Night', 'Sun Morning', 'Sun Afternoon', 'Sun Night']"
49,illness,8,1,"['Mon Morning', 'Mon Afternoon', 'Mon Night', 'Tue Morning', 'Tue Afternoon', 'Tue Night', 'Wed Morning', 'Wed Afternoon', 'Wed Night', 'Thu Morning', 'Thu Afternoon', 'Thu Night', 'Fri Morning', 'Fri Afternoon', 'Fri Night', 'Sat Morning', 'Sat Afternoon', 'Sat Night', 'Sun Morning', 'Sun Afternoon', 'Sun Night']"
50,illness,7,1,"['Mon Morning', 'Mon Afternoon', 'Mon Night', 'Tue Morning', 'Tue Afternoon', 'Tue Night', 'Wed Morning', 'Wed Afternoon', 'Wed Night', 'Thu Morning', 'Thu Afternoon', 'Thu Night', 'Fri Morning', 'Fri Afternoon', 'Fri Night', 'Sat Morning', 'Sat Afternoon', 'Sat Night', 'Sun Morning', 'Sun Afternoon', 'Sun Night']"
51,illness,8,1,"['Mon Morning', 'Mon Afternoon', 'Mon Night', 'Tue Morning', 'Tue Afternoon', 'Tue Night', 'Wed Morning', 'Wed Afternoon', 'Wed Night', 'Thu Morning', 'Thu Afternoon', 'Thu Night', 'Fri Morning', 'Fri Afternoon', 'Fri Night', 'Sat Morning', 'Sat Afternoon', 'Sat Night', 'Sun Morning', 'Sun Afternoon', 'Sun Night']"
52,illness,7,1,"['Mon Morning', 'Mon Afternoon', 'Mon Night', 'Tue Morning', 'Tue Afternoon', 'Tue Night', 'Wed Morning', 'Wed Afternoon', 'Wed Night', 'Thu Morning', 'Thu Afternoon', 'Thu Night', 'Fri Morning', 'Fri Afternoon', 'Fri Night', 'Sat Morning', 'Sat Afternoon', 'Sat Night', 'Sun Morning', 'Sun Afternoon', 'Sun Night']"
53,illness,9,1,"['Mon Morning', 'Mon Afternoon', 'Mon Night', 'Tue Morning', 'Tue Afternoon', 'Tue Night', 'Wed Morning', 'Wed Afternoon', 'Wed Night', 'Thu Morning', 'Thu Afternoon', 'Thu Night', 'Fri Morning', 'Fri Afternoon', 'Fri Night', 'Sat Morning', 'Sat Afternoon', 'Sat Night', 'Sun Morning', 'Sun Afternoon', 'Sun Night']"
54,illness,8,1,"['Mon Morning', 'Mon Afternoon', 'Mon Night', 'Tue Morning', 'Tue Afternoon', 'Tue Night', 'Wed Morning', 'Wed Afternoon', 'Wed Night', 'Thu Morning', 'Thu Afternoon', 'Thu Night', 'Fri Morning', 'Fri Afternoon', 'Fri Night', 'Sat Morning', 'Sat Afternoon', 'Sat Night', 'Sun Morning', 'Sun Afternoon', 'Sun Night']"
55,illness,4,1,"['Mon Morning', 'Mon Afternoon', 'Mon Night', 'Tue Morning', 'Tue Afternoon', 'Tue Night', 'Wed Morning', 'Wed Afternoon', 'Wed Night', 'Thu Morning', 'Thu Afternoon', 'Thu Night', 'Fri Morning', 'Fri Afternoon', 'Fri Night', 'Sat Morning', 'Sat Afternoon', 'Sat Night', 'Sun Morning', 'Sun Afternoon', 'Sun Night']"
56,illness,8,1,"['Mon Morning', 'Mon Afternoon', 'Mon Night', 'Tue Morning', 'Tue Afternoon', 'Tue Night', 'Wed Morning', 'Wed Afternoon', 'Wed Night', 'Thu Morning', 'Thu Afternoon', 'Thu Night', 'Fri Morning', 'Fri Afternoon', 'Fri Night', 'Sat Morning', 'Sat Afternoon', 'Sat Night', 'Sun Morning', 'Sun Afternoon', 'Sun Night']"
57,illness,7,1,"['Mon Morning', 'Mon Afternoon', 'Mon Night', 'Tue Morning', 'Tue Afternoon', 'Tue Night', 'Wed Morning', 'Wed Afternoon', 'Wed Night', 'Thu Morning', 'Thu Afternoon', 'Thu Night', 'Fri Morning', 'Fri Afternoon', 'Fri Night', 'Sat Morning', 'Sat Afternoon', 'Sat Night', 'Sun Morning', 'Sun Afternoon', 'Sun Night']"
58,illness,1,1,"['Mon Morning', 'Mon Afternoon', 'Mon Night', 'Tue Morning', 'Tue Afternoon', 'Tue Night', 'Wed Morning', 'Wed Afternoon', 'Wed Night', 'Thu Morning', 'Thu Afternoon', 'Thu Night', 'Fri Morning', 'Fri Afternoon', 'Fri Night', 'Sat Morning', 'Sat Afternoon', 'Sat Night', 'Sun Morning', 'Sun Afternoon', 'Sun Night']"
59,illness,6,1,"['Mon Morning', 'Mon Afternoon', 'Mon Night', 'Tue Morning', 'Tue Afternoon', 'Tue Night', 'Wed Morning', 'Wed Afternoon', 'Wed Night', 'Thu Morning', 'Thu Afternoon', 'Thu Night', 'Fri Morning', 'Fri Afternoon', 'Fri Night', 'Sat Morning', 'Sat Afternoon', 'Sat Night', 'Sun Morning', 'Sun Afternoon', 'Sun Night']"
60,illness,1,1,"['Mon Morning', 'Mon Afternoon', 'Mon Night', 'Tue Morning', 'Tue Afternoon', 'Tue Night', 'Wed Morning', 'Wed Afternoon', 'Wed Night', 'Thu Morning', 'Thu Afternoon', 'Thu Night', 'Fri Morning', 'Fri Afternoon', 'Fri Night', 'Sat Morning', 'Sat Afternoon', 'Sat Night', 'Sun Morning', 'Sun Afternoon', 'Sun Night']"
61,illness,2,1,"['Mon Morning', 'Mon Afternoon', 'Mon Night', 'Tue Morning', 'Tue Afternoon', 'Tue Night', 'Wed Morning', 'Wed Afternoon', 'Wed Night', 'Thu Morning', 'Thu Afternoon', 'Thu Night', 'Fri Morning', 'Fri Afternoon', 'Fri Night', 'Sat Morning', 'Sat Afternoon', 'Sat Night', 'Sun Morning', 'Sun Afternoon', 'Sun Night']"
62,illness,9,1,"['Mon Morning', 'Mon Afternoon', 'Mon Night', 'Tue Morning', 'Tue Afternoon', 'Tue Night', 'Wed Morning', 'Wed Afternoon', 'Wed Night', 'Thu Morning', 'Thu Afternoon', 'Thu Night', 'Fri Morning', 'Fri Afternoon', 'Fri Night', 'Sat Morning', 'Sat Afternoon', 'Sat Night', 'Sun Morning', 'Sun Afternoon', 'Sun Night']"
63,illness,6,1,"['Mon Morning', 'Mon Afternoon', 'Mon Night', 'Tue Morning', 'Tue Afternoon', 'Tue Night', 'Wed Morning', 'Wed Afternoon', 'Wed Night', 'Thu Morning', 'Thu Afternoon', 'Thu Night', 'Fri Morning', 'Fri Afternoon', 'Fri Night', 'Sat Morning', 'Sat Afternoon', 'Sat Night', 'Sun Morning', 'Sun Afternoon', 'Sun Night']"
64,illness,2,1,"['Mon Morning', 'Mon Afternoon', 'Mon Night', 'Tue Morning', 'Tue Afternoon', 'Tue Night', 'Wed Morning', 'Wed Afternoon', 'Wed Night', 'Thu Morning', 'Thu Afternoon', 'Thu Night', 'Fri Morning', 'Fri Afternoon', 'Fri Night', 'Sat Morning', 'Sat Afternoon', 'Sat Night', 'Sun Morning', 'Sun Afternoon', 'Sun Night']"
65,illness,5,1,"['Mon Morning', 'Mon Afternoon', 'Mon Night', 'Tue Morning', 'Tue Afternoon', 'Tue Night', 'Wed Morning', 'Wed Afternoon', 'Wed Night', 'Thu Morning', 'Thu Afternoon', 'Thu Night', 'Fri Morning', 'Fri Afternoon', 'Fri Night', 'Sat Morning', 'Sat Afternoon', 'Sat Night', 'Sun Morning', 'Sun Afternoon', 'Sun Night']"
66,illness,0,1,"['Mon Morning', 'Mon Afternoon', 'Mon Night', 'Tue Morning', 'Tue Afternoon', 'Tue Night', 'Wed Morning', 'Wed Afternoon', 'Wed Night', 'Thu Morning', 'Thu Afternoon', 'Thu Night', 'Fri Morning', 'Fri Afternoon', 'Fri Night', 'Sat Morning', 'Sat Afternoon', 'Sat Night', 'Sun Morning', 'Sun Afternoon', 'Sun Night']"
67,illness,8,1,"['Mon Morning', 'Mon Afternoon', 'Mon Night', 'Tue Morning', 'Tue Afternoon', 'Tue Night', 'Wed Morning', 'Wed Afternoon', 'Wed Night', 'Thu Morning', 'Thu Afternoon', 'Thu Night', 'Fri Morning', 'Fri Afternoon', 'Fri Night', 'Sat Morning', 'Sat Afternoon', 'Sat Night', 'Sun Morning', 'Sun Afternoon', 'Sun Night']"
68,illness,0,1,"['Mon Morning', 'Mon Afternoon', 'Mon Night', 'Tue Morning', 'Tue Afternoon', 'Tue Night', 'Wed Morning', 'Wed Afternoon', 'Wed Night', 'Thu Morning', 'Thu Afternoon', 'Thu Night', 'Fri Morning', 'Fri Afternoon', 'Fri Night', 'Sat Morning', 'Sat Afternoon', 'Sat Night', 'Sun Morning', 'Sun Afternoon', 'Sun Night']"
69,illness,1,1,"['Mon Morning', 'Mon Afternoon', 'Mon Night', 'Tue Morning', 'Tue Afternoon', 'Tue Night', 'Wed Morning', 'Wed Afternoon', 'Wed Night', 'Thu Morning', 'Thu Afternoon', 'Thu Night', 'Fri Morning', 'Fri Afternoon', 'Fri Night', 'Sat Morning', 'Sat Afternoon', 'Sat Night', 'Sun Morning', 'Sun Afternoon', 'Sun Night']"
70,illness,4,1,"['Mon Morning', 'Mon Afternoon', 'Mon Night', 'Tue Morning', 'Tue Afternoon', 'Tue Night', 'Wed Morning', 'Wed Afternoon', 'Wed Night', 'Thu Morning', 'Thu Afternoon', 'Thu Night', 'Fri Morning', 'Fri Afternoon', 'Fri Night', 'Sat Morning', 'Sat Afternoon', 'Sat Night', 'Sun Morning', 'Sun Afternoon', 'Sun Night']"
71,illness,9,1,"['Mon Morning', 'Mon Afternoon', 'Mon Night', 'Tue Morning', 'Tue Afternoon', 'Tue Night', 'Wed Morning', 'Wed Afternoon', 'Wed Night', 'Thu Morning', 'Thu Afternoon', 'Thu Night', 'Fri Morning', 'Fri Afternoon', 'Fri Night', 'Sat Morning', 'Sat Afternoon', 'Sat Night', 'Sun Morning', 'Sun Afternoon', 'Sun Night']"
72,illness,1,1,"['Mon Morning', 'Mon Afternoon', 'Mon Night', 'Tue Morning', 'Tue Afternoon', 'Tue Night', 'Wed Morning', 'Wed Afternoon', 'Wed Night', 'Thu Morning', 'Thu Afternoon', 'Thu Night', 'Fri Morning', 'Fri Afternoon', 'Fri Night', 'Sat Morning', 'Sat Afternoon', 'Sat Night', 'Sun Morning', 'Sun Afternoon', 'Sun Night']"
73,illness,2,1,"['Mon Morning', 'Mon Afternoon', 'Mon Night', 'Tue Morning', 'Tue Afternoon', 'Tue Night', 'Wed Morning', 'Wed Afternoon', 'Wed Night', 'Thu Morning', 'Thu Afternoon', 'Thu Night', 'Fri Morning', 'Fri Afternoon', 'Fri Night', 'Sat Morning', 'Sat Afternoon', 'Sat Night', 'Sun Morning', 'Sun Afternoon', 'Sun Night']"
74,illness,6,1,"['Mon Morning', 'Mon Afternoon', 'Mon Night', 'Tue Morning', 'Tue Afternoon', 'Tue Night', 'Wed Morning', 'Wed Afternoon', 'Wed Night', 'Thu Morning', 'Thu Afternoon', 'Thu Night', 'Fri Morning', 'Fri Afternoon', 'Fri Night', 'Sat Morning', 'Sat Afternoon', 'Sat Night', 'Sun Morning', 'Sun Afternoon', 'Sun Night']"
0,operator,2,1,"['Mon Morning', 'Mon Afternoon', 'Tue Night', 'Wed Afternoon', 'Wed Night', 'Thu Afternoon', 'Fri Morning', 'Fri Afternoon', 'Fri Night', 'Sat Morning', 'Sat Afternoon', 'Sat Night', 'Sun Morning', 'Sun Night']"
1,operator,4,1,"['Mon Morning', 'Mon Afternoon', 'Tue Afternoon', 'Tue Night', 'Wed Morning', 'Wed Afternoon', 'Wed Night', 'Thu Night', 'Fri Afternoon', 'Fri Night', 'Sat Morning', 'Sat Night', 'Sun Afternoon']"
2,operator,3,1,"['Mon Morning', 'Mon Afternoon', 'Mon Night', 'Wed Morning', 'Wed Night', 'Thu Morning', 'Thu Afternoon', 'Thu Night', 'Fri Afternoon', 'Fri Night', 'Sat Afternoon', 'Sat Night', 'Sun Morning', 'Sun Afternoon']"
0,room,1,1,"['Mon Night', 'Tue Morning', 'Tue Afternoon', 'Wed Morning', 'Wed Night', 'Thu Afternoon', 'Thu Night', 'Fri Afternoon', 'Fri Night', 'Sat Afternoon', 'Sun Morning', 'Sun Afternoon']"
1,room,0,1,"['Mon Morning', 'Mon Afternoon', 'Mon Night', 'Tue Morning', 'Tue Afternoon', 'Tue Night', 'Wed Afternoon', 'Wed Night', 'Thu Morning', 'Thu Afternoon', 'Thu Night', 'Fri Afternoon', 'Fri Night', 'Sat Morning', 'Sat Afternoon', 'Sat Night', 'Sun Afternoon', 'Sun Night']"
2,room,1,1,"['Mon Morning', 'Mon Afternoon', 'Mon Night', 'Tue Night', 'Wed Afternoon', 'Thu Morning', 'Thu Afternoon', 'Thu Night', 'Fri Afternoon', 'Fri Night', 'Sat Afternoon', 'Sat Night', 'Sun Morning', 'Sun Afternoon', 'Sun Night']"
3,room,0,1,"['Mon Afternoon', 'Mon Night', 'Tue Morning', 'Tue Night', 'Wed Morning', 'Wed Afternoon', 'Wed Night', 'Thu Afternoon', 'Thu Night', 'Fri Night', 'Sat Morning', 'Sat Afternoon', 'Sun Morning', 'Sun Afternoon', 'Sun Night']"
0,anesthesiologist,0,1,"['Mon Morning', 'Mon Night', 'Tue Morning', 'Tue Night', 'Wed Morning', 'Wed Night', 'Thu Morning', 'Thu Afternoon', 'Fri Morning', 'Fri Afternoon', 'Fri Night', 'Sat Morning', 'Sat Afternoon', 'Sat Night', 'Sun Night']"
1,anesthesiologist,0,1,"['Mon Afternoon', 'Tue Afternoon', 'Wed Night', 'Thu Morning', 'Thu Night', 'Fri Morning', 'Fri Afternoon', 'Fri Night', 'Sat Morning', 'Sat Night', 'Sun Morning', 'Sun Night']"
2,anesthesiologist,0,1,"['Mon Morning', 'Mon Afternoon', 'Mon Night', 'Tue Morning', 'Tue Afternoon', 'Tue Night', 'Wed Morning', 'Wed Afternoon', 'Wed Night', 'Thu Afternoon', 'Thu Night', 'Fri Morning', 'Fri Night', 'Sat Morning', 'Sat Afternoon', 'Sun Night']"
0,nurse,0,6,"['Mon Morning', 'Mon Afternoon', 'Tue Afternoon', 'Wed Morning', 'Wed Afternoon', 'Thu Morning', 'Fri Morning', 'Fri Afternoon', 'Sat Afternoon', 'Sun Morning']"
1,nurse,0,6,"['Mon Afternoon', 'Tue Night', 'Thu Night', 'Fri Afternoon', 'Sat Morning', 'Sun Night']"
